{"cameraMode":{"drawMode":0,"name":"Shaded","section":"Shading Mode"},"sceneLighting":true,"audioPlay":false,"sceneViewState":{"m_AlwaysRefresh":false,"showFog":true,"showSkybox":true,"showFlares":true,"showImageEffects":true,"showParticleSystems":true,"showVisualEffectGraphs":true,"m_FxEnabled":true},"in2DMode":false,"pivot":{"x":0.0011553836520761252,"y":1.6599986553192139,"z":-0.0002618509461171925},"rotation":{"x":0.0011465019779279829,"y":0.24992689490318299,"z":0.00032101283431984484,"w":-0.968296229839325},"size":1.8432883024215699,"orthographic":false}